{"cameraMode":{"drawMode":0,"name":"Shaded","section":"Shading Mode"},"sceneLighting":false,"audioPlay":false,"sceneViewState":{"m_AlwaysRefresh":false,"showFog":true,"showSkybox":false,"showFlares":true,"showImageEffects":true,"showParticleSystems":true,"showVisualEffectGraphs":true,"m_FxEnabled":true},"in2DMode":false,"pivot":{"x":14.845558166503907,"y":-3.6292052268981935,"z":1.7357449531555176},"rotation":{"x":0.07316000014543534,"y":0.7245639562606812,"z":-0.07755982130765915,"w":0.6810497045516968},"size":12.959274291992188,"orthographic":false}