{"cameraMode":{"drawMode":0,"name":"Shaded","section":"Shading Mode"},"sceneLighting":false,"audioPlay":false,"sceneViewState":{"m_AlwaysRefresh":false,"showFog":true,"showSkybox":false,"showFlares":true,"showImageEffects":true,"showParticleSystems":true,"showVisualEffectGraphs":true,"m_FxEnabled":true},"in2DMode":false,"pivot":{"x":-0.0000026226043701171877,"y":2.669196367263794,"z":-0.04371356964111328},"rotation":{"x":-0.15287871658802033,"y":0.6659678220748901,"z":-0.1421617567539215,"w":-0.7161688804626465},"size":3.989532232284546,"orthographic":false}